company_name,legend_color,address,tags
Alleguard,#c4e0ca,"2109 Commerce St, Lancaster, OH 43130, USA","Shape Molding,Block Molding,Fabrication"
Alleguard,#c4e0ca,"1278 Highway 71 W, Bastrop, TX 78602, USA",Shape Molding
Alleguard,#c4e0ca,"1140 Davis Rd SW, Cave Spring, GA 30124, USA",Shape Molding
Alleguard,#c4e0ca,"125 Caliber Ridge Dr, Greer, SC 29651, USA",Shape Molding
Alleguard,#c4e0ca,"1323 Moore St, Greenville, MI 48838, USA",Shape Molding
Alleguard,#c4e0ca,"604 17th St, Radford, VA 24141, USA",Shape Molding
Alleguard,#c4e0ca,"29 Freight House Rd, West Brookfield, MA 01585, USA",Shape Molding
Alleguard,#c4e0ca,"1093 US-278, Monticello, AR 71655, USA","Shape Molding,Block Molding,Fabrication"
Alleguard,#c4e0ca,"2950 Prairie St SW, Grandville, MI 49418, USA","Shape Molding,Block Molding,Fabrication"
Alleguard,#c4e0ca,"1015 St Jerome St, Mishawaka, IN, USA 46544","Shape Molding,Block Molding,Fabrication"
Alleguard,#c4e0ca,"2571 Mitchell Avenue, Allentown, PA, USA 18103","Block Molding,Fabrication"
Alleguard,#c4e0ca,"3050 Barry Drive, Portland, Tennessee, USA 37148","Block Molding,Fabrication"
Alleguard,#c4e0ca,"107 Service Road, Anderson, SC 29625, USA","Block Molding,Fabrication"
Atlas Molded Products,#6e8008,"5250 North Sherman Street, Denver, CO 80216","Block Molding,Fabrication"
Atlas Molded Products,#6e8008,"111 West Fireclay Ave, Murray, UT 84107",Block Molding
Atlas Molded Products,#6e8008,"13695 Mt. Anderson Street, Reno, NV 89506","Block Molding,Shape Molding"
Atlas Molded Products,#6e8008,"4555 N Olympic Way, Kingman, AZ 86401",Block Molding
Atlas Molded Products,#6e8008,"3220 Avenue F St. E, Arlington, TX 76011",Block Molding
Atlas Molded Products,#6e8008,"8240 Byron Center Ave SW, Byron Center, MI 49315",Block Molding
Atlas Molded Products,#6e8008,"90 Trowbridge Drive, Fond du Lac, WI 54937",Block Molding
Atlas Molded Products,#6e8008,"701 Sargent Drive, Fredericktown, MO 63645",Block Molding
Atlas Molded Products,#6e8008,"1400 North 3rd Street, Kansas City, KS 66101",Block Molding
Atlas Molded Products,#6e8008,"4001 Kaw Drive, Kansas City, KS 66102",Shape Molding
Atlas Molded Products,#6e8008,"911 Industrial Drive, Perryville, MO 63775",Block Molding
Atlas Molded Products,#6e8008,"809 East 15th Street, Washington, IA 52353",Block Molding
Atlas Molded Products,#6e8008,"2731 White Sulphur Road, Gainesville, GA 30501",Block Molding
Atlas Molded Products,#6e8008,"445 Industrial Park Drive, Ridgeway, VA 24148",Block Molding
EFP Inc,#e14007,"223 Middleton Run Road, Elkhart, IN 46516",Corporate Headquarters
EFP Inc,#e14007,"14636 Foundation Avenue, Evansville, IN 47725","Molding,Fabrication,Cold chain solutions,EPS recycling"
EFP Inc,#e14007,"313 Salyers Drive, La Vergne, TN 37086","Molding,Fabrication,Cold chain solutions,Center of Excellence Lab,EPS recycling"
EFP Inc,#e14007,"1102 Brooks Street, Decatur, AL 35601","Molding,Fabrication,EPS recycling"
EFP Inc,#e14007,"227 Browntown Road, Bishopville, SC 29010","Molding,Fabrication,Cold chain solutions,Distribution"
EFP Inc,#e14007,"1341 S Sunland Gin Road, Casa Grande, AZ 85193",Expanded Polystyrene (EPS) foam manufacturing
EFP Inc,#e14007,"10991 Lear Boulevard, Suite 101, Reno, NV 89506","Gel manufacturing,Kitting,Cold chain solutions"
Temperpack,#4f3223,"4447 Carolina Avenue, Richmond, VA 23222","Corportate Headquarters,ClimaCell® production,WaveKraft machine manufacturing,R&D,ISO 9001 certified"
Temperpack,#4f3223,"2804 Decatur Street, Richmond, VA 23224","ISTA®-certified thermal transport lab,product testing and development"
Temperpack,#4f3223,"4390 Flossmoor Street, Suite 400, Las Vegas, NV 89115","ClimaCell® production,fiber and Paperlite products, HACCP and ISO 9001 certified"
Temperpack,#4f3223,"2325 Jarco Dr, Holt, MI 48842",
Cold Chain Technologies,#7e7108,"135 Constitution Boulevard, Franklin, MA 02038","Corporate Headquarters,Manufacturing,R&D,Thermal Engineering,Digital Services,ISO Certified"
Cold Chain Technologies,#7e7108,"6520 Stonegate Drive, Suite 160, Allentown, PA 18106","Distribution Center,Cold Chain Packaging Solutions"
Cold Chain Technologies,#7e7108,"1755 Britannia Drive, Elgin, IL 60124","Manufacturing,Distribution,Thermal Packaging Solutions"
Cold Chain Technologies,#7e7108,"2650 Sylvania Cross Drive, Fort Worth, TX 76137","Manufacturing,Distribution,Cold Chain Packaging Solutions"
Cold Chain Technologies,#7e7108,"1080 Richard Petty Way, Lebanon, TN 37090","Manufacturing,Distribution,Thermal Packaging Solutions"
Cold Chain Technologies,#7e7108,"7345 Mission Gorge Road, San Diego, CA 92120","Distribution Center,Cold Chain Packaging Solutions"
Crown Packaging,#f6d991,"17854 Chesterfield Airport Road, Chesterfield, MO 63005",Corporate Headquarters
Crown Packaging,#f6d991,"1500 Tradeport Drive, Suite 100, Hazelwood, MO 63042",Distribution Center
Crown Packaging,#f6d991,"2135 East Turner Street, Suite 105, Springfield, MO 65803",Distribution Center
Crown Packaging,#f6d991,"21330 W 167th Street, Olathe, KS 66062",Distribution Center
Crown Packaging,#f6d991,"5500 Merle Hay Road, Suite E, Johnston, IA 50131",Distribution Center
Crown Packaging,#f6d991,"4583 Brate Drive, Suite 300, West Chester, OH 45011",Distribution Center
Crown Packaging,#f6d991,"29855 Solon Road, Solon, OH 44139",Distribution Center
Crown Packaging,#f6d991,"4140 Lockbourne Road, Columbus, OH 43207",Distribution Center
Crown Packaging,#f6d991,"701 N. Weinbach Avenue, Suite 320, Evansville, IN 47711",Distribution Center
Crown Packaging,#f6d991,"2415 Directors Row, Suite C, Indianapolis, IN 46241",Distribution Center
Crown Packaging,#f6d991,"2246 Ampere Drive, Louisville, KY 40299",Distribution Center
Crown Packaging,#f6d991,"943 Gainesville Highway, Building 200, Suite 2000, Buford, GA 30518",Distribution Center
Crown Packaging,#f6d991,"2818 Virgo Lane, Dallas, TX 75229",Distribution Center
Crown Packaging,#f6d991,"535 W, 38th St., Houston, TX 77018",Distribution Center
Crown Packaging,#f6d991,"4486 Delp Street, Memphis, TN 38118",Distribution Center
Crown Packaging,#f6d991,"120 Business Park Drive, Suite D, Lebanon, TN 37090",Distribution Center
Crown Packaging,#f6d991,"18101 E Colfax Avenue, Aurora, CO 80011",Distribution Center
Crown Packaging,#f6d991,"2268 Commerce Place, Hayward, CA 94545",Distribution Center
Crown Packaging,#f6d991,"780 Columbia Avenue, #2, Riverside, CA 92507",Distribution Center
Crown Packaging,#f6d991,"3324 Lind Avenue SW, Renton, WA 98057",Distribution Center
Crown Packaging,#f6d991,"1845 W 1040 S, Ste 14, Salt Lake City, UT 84104",Distribution Center
Crown Packaging,#f6d991,"11525 E Pine Street, Tulsa, OK 74116",Distribution Center
Crown Packaging,#f6d991,"1908 West 42nd Street, Unit C, Sioux Falls, SD 57105",Distribution Center
Crown Packaging,#f6d991,"7704 F Street, Omaha, NE 68127",Distribution Center
Sonoco Thermosafe,#89102c,"3930 N. Ventura Dr., Suite 450, Arlington Heights, IL 60004","Corporate Headquarters,Global R&D,ISC Labs® for design qualification,and testing of temperature-controlled packaging solutions."
Sonoco Thermosafe,#89102c,"1830 Rockdale Industrial Blvd., Conyers, GA 30012","Manufacturing Facility,Temprature Controlled Packaging Solutions"
Sonoco Thermosafe,#89102c,"3188 Enterprise Ave., Hayward, CA 94545",Manufacturing Facility
Sonoco Thermosafe,#89102c,"30553 S. Dixie Hwy, Beecher, IL 60401","Manufacturing Facility,Thermal Packaging Solutions"
Sonoco Thermosafe,#89102c,"1619 N Meridian St., Portland, IN 47371","Manufacturing Facility,Protective Packaging"
Sonoco Thermosafe,#89102c,"3188 E Blue Lick Rd., Louisville, KY 40229",Distribution Center
Sonoco Thermosafe,#89102c,"161 Corporate Dr., Montgomeryville, PA 18936","Manufacturing Facility,Protective Packaging"
Sonoco Thermosafe,#89102c,"29 Park Road, Putnam, CT 06260","Manufacturing Facility,Protective Packaging,Thermal Packaging Solutions"
Sonoco Thermosafe,#89102c,"109 Lynch Street, Pardeeville, WI 53954","Manufacturing,Temprature Controlled Packaging Solutions"
Sonoco Thermosafe,#89102c,"2612 President Extended, Tupelo, MS 38801","Manufacturing,Temprature Controlled Packaging Solutions"
Sonoco Thermosafe,#89102c,"1100 Garden of the Gods Rd, Colorado Springs, CO 80907","Manufacturing,Temprature Controlled Packaging Solutions"
Creative Packaging,#6b16be,"6301 Midland Industrial Dr, Shelbyville, Kentucky, 40065 United States",Corporate Headquarters
Creative Packaging,#6b16be,"1700 Isaac Shelby Dr, Shelbyville, Kentucky, 40065 United States","Manufacturing,Temprature Controlled Packaging Solutions"
Creative Packaging,#6b16be,"175 Mcdaniels Rd, Shelbyville, Kentucky, 40065 United States","Manufacturing,Temprature Controlled Packaging Solutions"
Creative Packaging,#6b16be,"712 Wolford Ridge Ct, Louisville, Kentucky, 40245 United States",Corportate Office
Creative Packaging,#6b16be,"20 Executive Park Ste 150, Irvine, California, 92714 United States",Corporate Office or R&D
Creative Packaging,#6b16be,"2192 Dupont Dr Ste NO206, Irvine, California, 92612 United States",Corporate Office or R&D
Creative Packaging,#6b16be,"150 Eldridge Ave, Mill Valley, California, 94941 United States",Corporate Office or R&D
Creative Packaging,#6b16be,"915 Lanyard Rd, Yardley, Pennsylvania, 19067 United States","Corporate Office,ISC Labs, R&D Center"
Insulfoam LLC,#e6e80a,"Canyon Road and 192nd Street, Frederickson, WA 98387","Shape Molding,Block Molding,Fabrication"
Insulfoam LLC,#e6e80a,"1155 Business Park Drive Bldg A, Dixon, CA 95620-4303","Shape Molding,Block Molding,Fabrication"
Insulfoam LLC,#e6e80a,"5635 Schaefer Avenue, Chino, CA 91710","Block Molding,EPS Recycling"
Insulfoam LLC,#e6e80a,"1057 Sunburst Lane, Mead, NE 68041",Expanded Polystyrene (EPS) foam manufacturing
Insulfoam LLC,#e6e80a,"12601 East 33rd Ave, Unit 110, Aurora, CO 80011","Manufacturing Facility,Protective Packaging,Thermal Packaging Solutions"
Insulfoam LLC,#e6e80a,"3401 W. Cocopah Street Phoenix, AZ 85009",Distribution Center
Insulfoam LLC,#e6e80a,"32 Gramar Avenue Prospect, CT  06712",Block Molding
Insulfoam LLC,#e6e80a,"4500 South Frontage Road Lakeland, FL 33815",Distribution Center
Insulfoam LLC,#e6e80a,"100 Enterprise Drive Cartersville, GA 30120",Distribution Center
Altor,#32b197,"2355 Providence Road, Northbridge, MA 01534",Manufacturing Facility
Altor,#32b197,"17 Industrial Drive, Bloomsburg, PA 17815",Manufacturing Facility
Altor,#32b197,"101 Schmid Plaza Road, Anderson, SC 29624",Manufacturing Facility
Altor,#32b197,"82 Galilee Church Rd, 82 Galilee Church Rd.
Jefferson, GA 30549",Manufacturing Facility
Altor,#32b197,"1 Southern Gateway Drive, Gnadenhutten, OH 44629",Manufacturing Facility
Altor,#32b197,"950 Progress Blvd., New Albany, IN 47150",Manufacturing Facility
Altor,#32b197,"24 College Park Cove, 24 College Park Cove
Jackson, TN 38301",Manufacturing Facility
Altor,#32b197,"210 Charles Ralph Dr, Springfield, TN 37172",Manufacturing Facility
Altor,#32b197,"1800 Sunset Drive, Plymouth, WI 53073",Manufacturing Facility
Altor,#32b197,"100 Formad Industrial Dr.
Fort Madison, IA 52627",Manufacturing Facility
Altor,#32b197,"417 W. Industrial Dr,.El Dorado Springs, MO 64744",Manufacturing Facility
Altor,#32b197,"900 E. Keller Parkway – Molding Plant
Keller, TX 76248",Manufacturing Facility
Altor,#32b197,"301 9th Street, Building B, 301 9th Street, Building B
Modesto, CA 95351",Manufacturing Facility
Altor,#32b197,"1810 S. Santa Fe Ave.
Compton, CA 90221",Manufacturing Facility
Altor,#32b197,"16401 Swningley Ridfge Road, Chesterfield, MO 63017",Manufacturing Facility
Altor,#32b197,"Parque Industrial Queretaro Ave.
La Montana No.112
Edeficio 3, Modulos 4-6
St. Rosa Jaurequi, Queretaro
Mexico 76220",Manufacturing Facility
Altor,#32b197,"Ave. Lago Iuriria #5250, Parque Industrial El Lago, Tijuana, B.C. Mexico 22550",Manufacturing Facility
Altor,#32b197,"121 Bata Blvd D, Belcamp, MD 21017",Manufacturing Facility
Altor,#32b197,"17 Douglas St, Rome, GA 30161",Manufacturing Facility
Altor,#32b197,"351 Holt Rd,North Andover, MA 01845",Manufacturing Facility
Altor,#32b197,"2601 Anvil St N, St. Petersburg, FL 33710",Manufacturing Facility
Altor,#32b197,"1600 US-287 BYP, Waxahachie, TX 75165",Manufacturing Facility
Altor,#32b197,"1938 E 46th St, Vernon, CA 90058",Manufacturing Facility
Altor,#32b197,"15671 Industry Ln, Huntington Beach, CA 92649",Manufacturing Facility